{
  "magnitude_altered": {
    "mse": 0.02601460401374246,
    "mmd": 1.9261536791548295e-05,
    "ncfm_magnitude": 3.07886636121611e-05,
    "ncfm_complex": 5.181055643138628e-05
  },
  "phase_altered": {
    "mse": 0.9173362607181976,
    "mmd": 0.08140146671253456,
    "ncfm_magnitude": 0.046581735256187334,
    "ncfm_complex": 0.09300360539181599
  },
  "completely_different": {
    "mse": 1.97736640592284,
    "mmd": 0.6497082759747626,
    "ncfm_magnitude": 0.11507349316291123,
    "ncfm_complex": 0.5139150622045989
  }
}